ID,input,PHEN,phenotype,pred,evidence_state,mention_Cardiac,mention_Skeletal,mention_Both,mention_Not_Specified,no_mention_Cardiac,no_mention_Skeletal,no_mention_Both,no_mention_Not_Specified
CM201851,2-178527031-T-C,Skeletal myopathy,skeletal,cardiac,conflict,1,1,0,0,0,0,0,1
CM1926507,2-178527148-T-C,Cardiomyopathy; dilated,cardiac,skeletal,conflict,0,1,0,0,4,6,0,9
CM2317019,2-178527292-T-C,Muscular dystrophy; limb-girdle,skeletal,cardiac,conflict,0,0,0,0,2,0,0,1
CM249602,2-178527509-G-T,Cardiomyopathy,cardiac,skeletal,conflict,0,0,0,0,2,3,0,0
CM206453,2-178527609-T-G,Neuromuscular disorder,skeletal,cardiac,conflict,0,0,0,0,2,0,0,2
CS184975,2-178528273-G-C,Muscle weakness,skeletal,cardiac,conflict,1,0,0,0,6,7,0,3
CS255661,2-178528526-T-C,Myopathy,skeletal,cardiac,conflict,0,0,0,0,3,3,0,0
CM2418994,2-178528556-A-G,Sudden unexpected infant death,unsure,cardiac,conflict,0,0,0,0,1,1,0,0
CM1513144,2-178528773-C-T,Muscular dystrophy; Emery-Dreifuss-like without cardiomyopathy,skeletal,cardiac,conflict,0,0,0,0,6,3,0,0
CM1417610,2-178528797-C-T,Myopathy/Muscular dystrophy,skeletal,cardiac,conflict,0,0,0,0,5,3,0,1
CM189101,2-178529960-G-C,Myopathy/Muscular dystrophy,skeletal,unsure,conflict,0,0,0,0,1,2,0,5
CS177988,2-178530118-A-G,Myopathy; early-onset with cardiomyopathy,both,unsure,conflict,0,0,0,0,0,0,0,1
CM2412382,2-178530426-C-T,Neuromuscular/cardioskeletal disease,both,cardiac,conflict,0,0,0,0,3,3,0,0
CM1711510,2-178530455-C-G,Muscle weakness,skeletal,unsure,conflict,0,0,0,0,0,0,0,1
CM2018416,2-178530680-T-G,Muscular dystrophy; limb-girdle,skeletal,cardiac,conflict,4,3,0,0,0,1,0,0
CM2224974,2-178530861-C-T,Muscular dystrophy,skeletal,cardiac,conflict,0,0,0,0,5,3,0,1
CM174142,2-178531192-C-G,Congenital myopathy,skeletal,cardiac,conflict,0,0,0,0,4,4,0,0
CM160555,2-178531578-C-T,Rimmed vacuolar myopathy,skeletal,cardiac,conflict,0,0,0,0,1,0,0,0
CM2254476,2-178531815-C-T,Cardiomyopathy,cardiac,unsure,conflict,0,0,0,0,0,0,0,1
CM201852,2-178532300-A-G,Skeletal myopathy,skeletal,cardiac,conflict,1,1,0,0,0,0,0,1
CM144268,2-178532523-C-T,Arthrogryposis multiplex congenita with axoglial defects,skeletal,cardiac,conflict,0,0,0,0,5,3,0,3
CM201853,2-178533773-T-C,Skeletal myopathy,skeletal,cardiac,conflict,0,0,0,0,1,1,0,1
CM141094,2-178534092-C-T,Core myopathy with heart disease,both,skeletal,conflict,0,1,0,0,10,4,0,0
CM141097,2-178534401-T-C,Core myopathy with heart disease,both,cardiac,conflict,3,2,2,1,4,3,1,6
CM206371,2-178535270-C-T,Neuromuscular disorder,skeletal,cardiac,conflict,0,0,0,0,1,1,0,1
CM2118414,2-178536043-C-A,Cardiomyopathy,cardiac,both,conflict,0,0,1,0,1,1,0,0
CM160557,2-178536347-T-G,Hereditary myopathy with early respiratory failure,skeletal,unsure,conflict,0,0,0,0,4,2,0,8
CS2318334,2-178537244-G-A,Cardiomyopathy; dilated,cardiac,unsure,conflict,0,0,0,0,1,0,0,2
CM1922279,2-178542755-C-T,Muscular dystrophy; limb-girdle,skeletal,unsure,conflict,0,0,0,0,3,0,0,7
CM201855,2-178545821-C-A,Skeletal myopathy,skeletal,cardiac,conflict,0,0,0,0,3,0,0,3
CM160553,2-178547240-T-A,Distal titinopathy,skeletal,cardiac,conflict,0,0,0,0,2,2,0,0
CM1924539,2-178548487-C-T,Muscle weakness,skeletal,cardiac,conflict,0,0,0,0,1,1,0,1
CM2119846,2-178548516-G-A,Fetal akinesia / arthrogryposis multiplex congenita,skeletal,cardiac,conflict,0,0,0,0,1,1,0,1
CM201856,2-178548805-G-A,Skeletal myopathy,skeletal,unsure,conflict,0,0,0,0,1,0,0,3
CM201858,2-178549623-T-C,Skeletal myopathy,skeletal,unsure,conflict,0,0,0,0,0,0,0,1
CM206449,2-178550169-C-T,Neuromuscular disorder,skeletal,cardiac,conflict,0,0,0,0,1,1,0,1
CS2028356,2-178557252-G-A,Titinopathy,skeletal,cardiac,conflict,0,0,0,0,1,1,0,0
CM1715160,2-178560108-C-T,Muscle weakness,skeletal,both,conflict,0,0,1,0,0,0,0,2
CM201861,2-178561011-T-A,Skeletal myopathy,skeletal,unsure,conflict,0,0,0,0,0,0,0,1
CM1516176,2-178563359-G-A,Cardiomyopathy; dilated,cardiac,unsure,conflict,0,0,0,0,1,0,0,3
CM2410394,2-178563593-C-T,Liver dysfunction,unsure,cardiac,conflict,0,0,0,0,1,1,0,0
CM2046056,2-178565182-G-T,Cardioskeletal disease,both,cardiac,conflict,0,0,0,0,1,0,0,0
CM2028358,2-178565282-C-G,Titinopathy,skeletal,cardiac,conflict,0,0,0,0,3,1,0,0
CM1514641,2-178565497-C-T,Cardiomyopathy; dilated,cardiac,unsure,conflict,0,0,0,0,2,1,0,7
CM2318342,2-178565638-G-T,Cardiomyopathy; dilated,cardiac,unsure,conflict,0,0,0,0,2,0,0,4
CM2046055,2-178566339-T-G,Cardioskeletal disease,both,cardiac,conflict,0,0,0,0,1,1,0,0
CM1922278,2-178568284-C-T,Muscular dystrophy; limb-girdle,skeletal,unsure,conflict,0,0,0,0,2,2,0,4
CM2046054,2-178569415-C-T,Cardioskeletal disease,both,cardiac,conflict,0,0,0,0,2,1,0,0
CM174514,2-178570663-C-T,Myopathy; distal,skeletal,cardiac,conflict,0,0,0,0,2,2,0,0
CM2330069,2-178572398-G-A,Cardiomyopathy,cardiac,skeletal,conflict,0,0,0,0,1,2,0,0
CM201862,2-178572739-G-A,Skeletal myopathy,skeletal,unsure,conflict,0,0,0,0,0,0,0,1
CM1516169,2-178573333-C-T,Cardiomyopathy; dilated,cardiac,unsure,conflict,0,0,0,0,0,0,0,2
CM1828869,2-178574139-G-C,Myopathy with severe dilated cardiomyopathy,both,skeletal,conflict,0,0,0,0,1,2,0,0
CM201864,2-178575384-C-A,Skeletal myopathy,skeletal,unsure,conflict,0,0,0,0,1,0,0,2
CM2428866,2-178575656-C-A,Cardiac disease,cardiac,unsure,conflict,0,0,0,0,0,0,0,2
CM206444,2-178576311-G-A,Neuromuscular disorder,skeletal,unsure,conflict,0,0,0,0,3,1,0,7
CS1514635,2-178577602-G-A,Cardiomyopathy; dilated,cardiac,unsure,conflict,0,0,0,0,4,2,0,9
CM201865,2-178577990-T-C,Skeletal myopathy,skeletal,unsure,conflict,0,0,0,0,1,0,0,3
CM2428864,2-178578858-T-G,Cardiac disease,cardiac,unsure,conflict,0,0,0,0,0,0,0,2
CM1615533,2-178579678-C-T,Distal titinopathy,skeletal,cardiac,conflict,0,0,0,0,2,2,0,0
CS168497,2-178579850-A-C,Muscular dystrophy,skeletal,cardiac,conflict,0,0,0,0,4,3,0,1
CS2028361,2-178579938-G-A,Titinopathy,skeletal,cardiac,conflict,0,0,0,0,5,2,0,2
CM1914010,2-178580008-C-T,Arthrogryposis,skeletal,cardiac,conflict,0,0,0,0,4,3,0,1
CM141096,2-178581573-T-A,Core myopathy with heart disease,both,cardiac,conflict,0,0,0,0,2,2,0,1
CS2046071,2-178582294-T-C,Neuromuscular disease,skeletal,cardiac,conflict,0,0,0,0,3,1,0,0
CS2412373,2-178586808-G-C,Neuromuscular/cardioskeletal disease,both,cardiac,conflict,0,0,0,0,1,1,0,0
CM160552,2-178587684-C-T,Distal titinopathy,skeletal,cardiac,conflict,0,0,0,0,5,2,0,1
CM201867,2-178588027-G-A,Skeletal myopathy,skeletal,cardiac,conflict,0,0,0,0,1,0,0,1
CM1615879,2-178589003-C-T,Muscular dystrophy; limb-girdle,skeletal,cardiac,conflict,0,0,0,0,2,2,0,0
CM201869,2-178589511-T-G,Skeletal myopathy,skeletal,cardiac,conflict,0,0,0,0,1,0,0,1
CM201871,2-178590910-C-T,Skeletal myopathy,skeletal,cardiac,conflict,0,0,0,0,1,0,0,0
CM2428863,2-178591310-A-T,Cardiac disease,cardiac,unsure,conflict,0,0,0,0,0,0,0,2
CM201902,2-178594421-G-A,Skeletal myopathy,skeletal,cardiac,conflict,0,0,0,0,1,0,0,1
CS1514620,2-178597534-A-G,Cardiomyopathy; dilated,cardiac,unsure,conflict,0,0,0,0,1,1,0,2
CS2216147,2-178597537-G-A,Arthrogryposis multiplex congenita,skeletal,cardiac,conflict,0,0,0,0,2,1,0,0
CM251872,2-178598004-G-T,Cardiomyopathy,cardiac,unsure,conflict,0,0,0,0,0,0,0,1
CM1617141,2-178599221-C-T,Cardiomyopathy; dilated,cardiac,both,conflict,0,0,1,0,8,1,0,1
CM206394,2-178599236-C-T,Neuromuscular disorder,skeletal,unsure,conflict,0,0,0,0,0,0,0,1
CM220130,2-178599748-G-A,Fetal structural defects,unsure,cardiac,conflict,0,0,0,0,1,1,0,0
CS2136453,2-178599862-T-A,Cardiomyopathy; dilated,cardiac,unsure,conflict,0,0,0,0,0,0,0,1
CM2216154,2-178600932-C-T,Arthrogryposis multiplex congenita,skeletal,cardiac,conflict,0,0,0,0,3,1,1,3
CM201903,2-178601120-C-G,Skeletal myopathy,skeletal,unsure,conflict,0,0,0,0,0,0,0,1
CM2428862,2-178601448-G-T,Cardiac disease,cardiac,unsure,conflict,0,0,0,0,0,0,0,2
CS257809,2-178601915-G-C,Muscular dystrophy; limb-girdle; autosomal recessive 10,skeletal,cardiac,conflict,0,0,0,0,1,1,0,0
CM2216140,2-178602036-G-A,Arthrogryposis multiplex congenita,skeletal,cardiac,conflict,0,0,0,0,1,1,0,1
CM206321,2-178603977-T-C,Neuromuscular disorder,skeletal,cardiac,conflict,1,1,0,0,4,0,0,5
CM2420277,2-178604035-C-T,Titinopathy,skeletal,cardiac,conflict,0,0,0,0,1,1,0,0
CM210853,2-178604206-C-T,Neuromuscular disease,skeletal,cardiac,conflict,0,0,0,0,1,1,0,0
CM2428859,2-178604747-G-A,Cardiac disease,cardiac,unsure,conflict,0,0,0,0,1,1,0,2
CM1725026,2-178605029-C-T,Atrioventricular block & heart failure,cardiac,unsure,conflict,0,0,0,0,2,0,0,11
CM184976,2-178605110-C-T,Muscle weakness,skeletal,cardiac,conflict,0,0,0,0,2,2,0,0
CM159007,2-178607247-G-A,Titinopathy,skeletal,cardiac,conflict,0,0,0,0,1,0,0,1
CM206332,2-178607592-G-A,Neuromuscular disorder,skeletal,unsure,conflict,0,0,0,0,6,1,0,15
CM2330087,2-178609349-C-T,Cardiomyopathy,cardiac,unsure,conflict,0,0,0,0,0,0,0,5
CM2114898,2-178609920-G-A,Scoliosis,unsure,skeletal,conflict,0,1,0,0,0,0,0,1
CM201857,2-178611117-G-T,Skeletal myopathy,skeletal,unsure,conflict,0,0,0,0,0,0,0,1
CM2429329,2-178611515-G-A,Cardiomyopathy; dilated,cardiac,unsure,conflict,0,0,0,0,6,0,0,7
CM1516216,2-178612355-C-T,Cardiomyopathy; dilated,cardiac,skeletal,conflict,0,1,0,0,5,1,0,0
CM206417,2-178612920-G-T,Neuromuscular disorder,skeletal,cardiac,conflict,0,0,0,0,1,1,0,1
CM201907,2-178612951-G-C,Skeletal myopathy,skeletal,unsure,conflict,0,0,0,0,0,0,0,1
CM2421587,2-178613870-G-A,Cardiomyopathy; dilated,cardiac,unsure,conflict,0,0,0,0,5,3,0,7
CM2216153,2-178613904-C-G,Arthrogryposis multiplex congenita,skeletal,cardiac,conflict,0,0,0,0,1,0,0,1
CS1516262,2-178613938-G-A,Cardiomyopathy; dilated,cardiac,unsure,conflict,0,0,0,1,5,1,0,2
CM206310,2-178614856-G-A,Neuromuscular disorder,skeletal,cardiac,conflict,0,0,0,0,2,0,0,1
CM201911,2-178617401-T-C,Skeletal myopathy,skeletal,cardiac,conflict,0,0,0,0,1,0,0,0
CM201913,2-178618485-C-T,Skeletal myopathy,skeletal,unsure,conflict,0,0,0,0,0,0,0,2
CM201914,2-178620002-G-C,Skeletal myopathy,skeletal,unsure,conflict,0,0,0,0,0,0,0,1
CM256250,2-178620891-G-A,Salih myopathy,unsure,cardiac,conflict,0,0,0,0,3,1,0,0
CM2216152,2-178621151-C-G,Arthrogryposis multiplex congenita,skeletal,cardiac,conflict,0,0,0,0,1,0,0,1
CS139734,2-178622768-G-A,Centronuclear myopathy,skeletal,cardiac,agree,2,2,1,0,6,2,0,0
CS200343,2-178624464-G-A,Arthrogryposis multiplex congenita and myopathy,skeletal,cardiac,conflict,0,0,0,0,3,1,0,1
CM201904,2-178625329-G-A,Skeletal myopathy,skeletal,unsure,conflict,0,0,0,0,0,0,0,1
CS1514672,2-178630241-C-T,Cardiomyopathy; dilated,cardiac,unsure,conflict,0,0,0,0,3,0,0,8
CM206401,2-178631062-T-G,Neuromuscular disorder,skeletal,cardiac,conflict,0,0,0,0,8,4,0,5
CS1615876,2-178634722-G-C,Centronuclear myopathy/Multi-minicore disease,skeletal,cardiac,conflict,0,0,0,0,2,2,0,2
CM241479,2-178635976-C-A,Congenital myasthenic syndrome,skeletal,unsure,conflict,0,0,0,0,0,0,0,1
CM211854,2-178636764-G-T,Cardiomyopathy,cardiac,unsure,conflict,0,0,0,0,4,1,0,5
CS121861,2-178642237-G-C,Cardiomyopathy; dilated,cardiac,skeletal,conflict,0,4,1,0,7,0,0,7
CS1615877,2-178651450-A-G,Centronuclear myopathy/Multi-minicore disease,skeletal,cardiac,conflict,0,0,0,0,2,2,0,2
CS2517083,2-178664653-G-A,Salih myopathy,unsure,cardiac,conflict,0,0,0,0,3,1,0,0
CM2028349,2-178667239-G-T,Titinopathy,skeletal,cardiac,conflict,0,0,0,0,4,1,0,0
CS2028365,2-178667441-G-A,Titinopathy,skeletal,cardiac,conflict,0,0,0,0,3,2,0,1
CM206429,2-178667477-C-G,Neuromuscular disorder,skeletal,cardiac,conflict,0,0,0,0,2,2,0,2
CM206409,2-178678486-C-T,Neuromuscular disorder,skeletal,unsure,conflict,0,0,0,0,1,0,0,2
CS224015,2-178685599-G-A,Centronuclear myopathy,skeletal,unsure,conflict,0,0,0,0,0,0,0,1
CS220752,2-178689052-G-A,Cardiomyopathy; dilated,cardiac,unsure,conflict,0,0,0,0,0,0,0,2
CM251818,2-178689056-C-T,Cardiomyopathy,cardiac,skeletal,conflict,0,1,0,0,3,1,0,0
CS1514613,2-178689897-G-A,Cardiomyopathy; dilated,cardiac,unsure,conflict,0,0,0,2,16,0,0,5
CS1514633,2-178694598-G-C,Cardiomyopathy; dilated,cardiac,both,conflict,0,0,1,0,6,1,0,2
CS2028372,2-178702452-T-G,Titinopathy,skeletal,cardiac,conflict,0,0,0,0,4,1,0,0
CM116750,2-178702613-C-T,Arrhythmogenic right ventricular cardiomyopathy,cardiac,unsure,agree,0,0,0,1,6,1,0,11
CS200344,2-178704509-G-T,Arthrogryposis multiplex congenita and myopathy,skeletal,cardiac,conflict,0,0,0,0,3,2,0,0
CS1514612,2-178706956-A-C,Cardiomyopathy; dilated,cardiac,unsure,conflict,0,0,0,1,9,0,0,3
CM2028373,2-178709758-C-T,Titinopathy,skeletal,cardiac,conflict,0,0,0,0,3,2,0,0
CM200345,2-178709806-G-T,Arthrogryposis multiplex congenita and myopathy,skeletal,cardiac,conflict,0,0,0,0,3,2,0,0
CS2028357,2-178711943-G-T,Titinopathy,skeletal,cardiac,conflict,0,0,0,0,4,1,0,0
CM2216037,2-178713370-C-T,Arthrogryposis multiplex congenita and myopathy,skeletal,cardiac,conflict,0,0,0,0,3,2,0,1
CM2028364,2-178714292-G-T,Titinopathy,skeletal,cardiac,conflict,0,0,0,0,4,1,0,0
CS186579,2-178717942-G-A,Titinopathy,skeletal,cardiac,conflict,0,0,0,0,4,2,0,0
CM2410398,2-178718093-C-T,Liver dysfunction,unsure,cardiac,conflict,0,0,0,0,3,1,0,0
CM210961,2-178718115-G-T,Muscular dystrophy; limb girdle 2J,skeletal,cardiac,conflict,0,0,0,0,2,1,0,2
CM201922,2-178720250-G-A,Skeletal myopathy,skeletal,unsure,conflict,0,0,0,0,1,0,0,4
CM2028370,2-178721046-C-A,Titinopathy,skeletal,cardiac,conflict,0,0,0,0,4,1,0,0
CM036130,2-178722872-C-T,Distal titinopathy,skeletal,cardiac,conflict,0,0,0,0,4,2,0,0
CM205990,2-178724117-C-T,Muscular dystrophy; limb-girdle,skeletal,cardiac,conflict,0,0,0,0,5,1,0,1
CS2412355,2-178725366-T-C,Neuromuscular/cardioskeletal disease,both,cardiac,conflict,0,0,0,0,3,1,0,0
CM201924,2-178725927-C-T,Skeletal myopathy,skeletal,cardiac,conflict,0,0,0,0,1,0,0,1
CM2226879,2-178725987-A-T,Cardiomyopathy; hypertrophic,cardiac,both,conflict,0,0,1,0,0,0,0,7
CS210228,2-178728109-G-A,Myopathy,skeletal,cardiac,conflict,0,0,0,0,3,2,0,0
CS2018436,2-178728498-T-A,Muscular dystrophy; limb-girdle,skeletal,both,conflict,0,0,1,0,3,4,0,3
CM2028377,2-178729438-C-T,Titinopathy,skeletal,cardiac,conflict,0,0,0,0,4,2,0,2
CM201926,2-178730133-T-A,Skeletal myopathy,skeletal,unsure,conflict,0,0,0,0,0,0,0,1
CS210229,2-178730793-G-A,Myopathy,skeletal,cardiac,conflict,0,0,0,0,3,2,0,0
CS2028374,2-178732439-G-T,Titinopathy,skeletal,cardiac,conflict,0,0,0,0,6,1,0,1
CM2412354,2-178733239-G-A,Neuromuscular/cardioskeletal disease,both,skeletal,conflict,0,1,0,0,2,1,0,2
CM201927,2-178733496-G-A,Skeletal myopathy,skeletal,unsure,conflict,0,0,0,0,0,0,0,1
CS2028346,2-178733613-G-A,Titinopathy,skeletal,cardiac,conflict,0,0,0,0,4,2,0,0
CS2028378,2-178734327-G-T,Titinopathy,skeletal,cardiac,conflict,0,0,0,0,5,2,0,0
CS2331093,2-178734608-A-G,Salih myopathy,unsure,cardiac,conflict,0,0,0,0,3,1,0,0
CM1310239,2-178734940-C-G,Cardiac dysrhythmia,cardiac,unsure,conflict,0,0,0,0,1,2,0,11
CS1616056,2-178736076-A-G,Rigid spine syndrome and respiratory difficulty,skeletal,cardiac,agree,1,1,0,0,4,1,0,1
CM2110794,2-178759045-C-T,Cardiomyopathy; peripartum,cardiac,unsure,conflict,0,0,0,0,1,0,0,3
CM157289,2-178766507-C-T,Centronuclear myopathy,skeletal,cardiac,conflict,0,0,0,0,6,3,0,1
CM218983,2-178766513-C-T,Cardiomyopathy; dilated,cardiac,unsure,conflict,0,0,0,0,0,0,0,8
CS141102,2-178768672-G-C,Core myopathy with heart disease,both,cardiac,conflict,0,0,0,0,4,1,0,0
CS1829232,2-178768935-A-T,Titinopathy,skeletal,cardiac,conflict,0,0,0,0,3,1,0,0
CM1716024,2-178771366-G-A,Cardiomyopathy/Myopathy/Muscular dystrophy,both,skeletal,conflict,0,1,0,0,0,0,0,3
CM210219,2-178775980-C-T,Myopathy,skeletal,cardiac,conflict,0,0,0,0,3,2,0,2
CM174542,2-178777458-C-T,Multiminicore myopathy,skeletal,cardiac,conflict,0,0,0,0,1,0,0,1
CS2332519,2-178779999-G-A,Titinopathy,skeletal,cardiac,conflict,0,0,0,0,4,1,0,1
CS1514631,2-178782806-G-A,Cardiomyopathy; dilated,cardiac,skeletal,conflict,1,2,0,0,8,2,1,11
CM232100,2-178799575-C-T,Fetal akinesia deformation sequence syndrome,skeletal,cardiac,conflict,0,0,0,0,1,0,0,0
CS2254535,2-178799823-T-C,Titinopathy; prenatal,skeletal,cardiac,conflict,0,0,0,0,4,1,0,0
CM2130215,2-178800653-C-T,Sudden unexpected death,unsure,cardiac,conflict,1,0,0,0,5,1,0,6
CM2330096,2-178802233-T-C,Cardiomyopathy,cardiac,unsure,conflict,0,0,0,0,0,0,0,6
